,Scannumber,Timesweep,Status,I0(5.377|4.375),I1(3.286|2.490),conversion,treaction,tres,GPC_number,Mn,Mw,D,tres_GPC,Mn theory
0,0.0,1.0,No,18.1,82.40299999999999,-0.11376372345972485,,,,,,,,
1,1.0,1.0,No,18.165,82.912,-0.1109014341863166,,,,,,,,
2,2.0,1.0,No,18.166,82.882,-0.1113647147731136,,,,,,,,
3,3.0,1.0,No,17.785999999999998,82.87700000000001,-0.08818261319175202,,,,,,,,
4,4.0,1.0,No,18.148,82.795,-0.1114301573232428,,,,,,,,
5,5.0,1.0,No,18.292,82.598,-0.122920932583797,,,,,,,,
6,6.0,1.0,No,17.952,82.876,-0.09835207389347866,,,,,,,,
7,7.0,1.0,No,18.096,82.82700000000001,-0.1078173758553913,,,,,,,,
8,8.0,1.0,No,18.58,82.73100000000001,-0.13876720718368696,,,,,,,,
9,9.0,1.0,No,18.17,81.655,-0.12831317866759395,,,,,,,,
10,10.0,1.0,No,17.941,81.73899999999999,-0.11294792096470085,,,,,,,,
11,11.0,1.0,No,18.155,81.76,-0.1259338787373161,,,,,,,,
12,12.0,1.0,No,17.708,81.737,-0.09852093060777589,,,,,,,,
13,13.0,1.0,No,17.93,81.95700000000001,-0.10930699937127297,,,,,,,,
14,14.0,1.0,No,17.629,81.501,-0.09678690565899117,,,,,,,,
15,15.0,1.0,No,17.805999999999997,81.928,-0.10202521732348835,,,,,,,,
16,16.0,1.0,No,18.226,81.732,-0.13072437972866102,,,,,,,,
17,17.0,1.0,No,18.07,81.531,-0.12381002008037223,,,,,,,,
18,18.0,1.0,No,18.438,81.797,-0.14296768415313044,,,,,,,,
19,19.0,1.0,No,17.748,81.45,-0.1048818716741513,,,,,,,,
20,20.0,1.0,No,17.957,81.99600000000001,-0.11044903859752186,,,,,,,,
21,21.0,1.0,No,18.0,81.695,-0.11720930592229784,,,,,,,,
22,22.0,1.0,No,17.833,81.85300000000001,-0.10470755654954256,,,,,,,,
23,23.0,1.0,No,17.894000000000002,81.98,-0.10676912562791885,,,,,,,,
24,24.0,1.0,No,18.355999999999998,82.08,-0.1339612599657818,,,,,,,,
25,25.0,1.0,No,18.257,82.147,-0.12692554736790274,,,,,,,,
26,26.0,1.0,No,18.096,82.294,-0.11499246348427006,,,,,,,,
27,27.0,1.0,No,17.828,81.55,-0.10850122297244957,,,,,,,,
28,28.0,1.0,No,17.958,81.378,-0.11894430862655381,,,,,,,,
29,29.0,1.0,No,18.09,82.42200000000001,-0.11289178033241987,,,,,,,,
30,30.0,1.0,No,18.320999999999998,82.238,-0.1296246256969531,,,,,,,,
31,31.0,1.0,No,17.592,81.863,-0.08964511673221698,,,,,,,,
32,32.0,1.0,No,18.112000000000002,82.00399999999999,-0.11992487009271802,,,,,,,,
33,33.0,1.0,Timesweep,18.18,82.071,-0.12321183353188503,0,4.0,1,4408.0,6259.0,1.42,4.0,-418.0
34,34.0,1.0,Timesweep,18.025,81.70100000000001,-0.11867882537000152,17,4.1889,,,,,,
35,35.0,1.0,Timesweep,18.021,81.375,-0.12291116924457546,34,4.3778,,,,,,
36,36.0,1.0,Timesweep,17.474,82.024,-0.08021176631074556,51,4.5667,,,,,,
37,37.0,1.0,Timesweep,17.879,81.78,-0.10854578430468753,68,4.7556,,,,,,
38,38.0,1.0,Timesweep,17.797,82.166,-0.09827771581621492,85,4.9444,,,,,,
39,39.0,1.0,Timesweep,17.708,81.791,-0.09779566584450339,102,5.1333,,,,,,
40,40.0,1.0,Timesweep,18.222,81.865,-0.12863962242357263,119,5.3222,,,,,,
41,41.0,1.0,Timesweep,18.219,81.329,-0.13589089935936616,136,5.5111,,,,,,
42,42.0,1.0,Timesweep,17.28,81.792,-0.0712489935131706,153,5.7,,,,,,
43,43.0,1.0,Timesweep,17.747,81.51899999999999,-0.1038844670480541,170,5.8889,,,,,,
44,44.0,1.0,Timesweep,18.531,82.162,-0.1436295546313151,187,6.0778,2,8420.0,8497.0,1.009,6.0,-546.0
45,45.0,1.0,Timesweep,17.762999999999998,81.78399999999999,-0.10129960782547998,204,6.2667,,,,,,
46,46.0,1.0,Timesweep,17.937,81.229,-0.11968592248404497,221,6.4556,,,,,,
47,47.0,1.0,Timesweep,17.99,81.702,-0.11649296787874408,238,6.6444,,,,,,
48,48.0,1.0,Timesweep,17.686,82.14399999999999,-0.09172005960950624,255,6.8333,,,,,,
49,49.0,1.0,Timesweep,17.906,81.916,-0.10837662803125547,272,7.0222,,,,,,
50,50.0,1.0,Timesweep,17.987000000000002,82.162,-0.1100569207896751,289,7.2111,,,,,,
51,51.0,1.0,Timesweep,18.354,82.441,-0.12887275822530997,306,7.4,,,,,,
52,52.0,1.0,Timesweep,17.815,81.851,-0.1036194696705286,323,7.5889,,,,,,
53,53.0,1.0,Timesweep,18.105,82.0,-0.11954664630607525,340,7.7778,,,,,,
54,54.0,1.0,Timesweep,17.665,81.888,-0.09383267910570603,357,7.9667,3,8183.0,8446.0,1.032,8.0,-235.0
55,55.0,1.0,Timesweep,17.46,81.486,-0.0864725452212951,374,8.1556,,,,,,
56,56.0,1.0,Timesweep,17.715,81.92299999999999,-0.09646008270049777,391,8.3444,,,,,,
57,57.0,1.0,Timesweep,17.813,81.673,-0.10590055532261355,408,8.5333,,,,,,
58,58.0,1.0,Timesweep,17.817,81.327,-0.11085492356955284,425,8.7222,,,,,,
59,59.0,1.0,Timesweep,17.646,81.721,-0.09488906687132381,442,8.9111,,,,,,
60,60.0,1.0,Timesweep,17.06,81.373,-0.06305617824320331,459,9.1,,,,,,
61,61.0,1.0,Timesweep,17.924,82.055,-0.10761136159960549,476,9.2889,,,,,,
62,62.0,1.0,Timesweep,17.727,81.608,-0.10143792640310245,493,9.4778,,,,,,
63,63.0,1.0,Timesweep,17.659000000000002,81.788,-0.09479809941791362,510,9.6667,,,,,,
64,64.0,1.0,Timesweep,17.212,81.54,-0.07033110540491916,527,9.8556,,,,,,
65,65.0,1.0,Timesweep,17.131,81.836,-0.06144094861190896,544,10.0444,4,8593.0,8659.0,1.008,10.0,-33.0
66,66.0,1.0,Timesweep,17.414,81.778,-0.07974094751296024,561,10.2333,,,,,,
67,67.0,1.0,Timesweep,16.827,81.699,-0.04435336522525746,578,10.4222,,,,,,
68,68.0,1.0,Timesweep,17.035999999999998,81.928,-0.05436940370228838,595,10.6111,,,,,,
69,69.0,1.0,Timesweep,17.096,81.699,-0.06104862018725865,612,10.8,,,,,,
70,70.0,1.0,Timesweep,16.753,81.51,-0.0421715466986925,629,10.9889,,,,,,
71,71.0,1.0,Timesweep,16.705,81.941,-0.033719566518400024,646,11.1778,,,,,,
72,72.0,1.0,Timesweep,16.837,81.468,-0.047936998222998684,663,11.3667,,,,,,
73,73.0,1.0,Timesweep,17.026,82.277,-0.049280731198611205,680,11.5556,,,,,,
74,74.0,1.0,Timesweep,16.497,81.611,-0.02497622450001513,697,11.7444,,,,,,
75,75.0,1.0,Timesweep,16.365,81.562,-0.017385771395057592,714,11.9333,,,,,,
76,76.0,1.0,Timesweep,16.738,81.842,-0.03701454134638671,720,12.0,5,6612.0,8863.0,1.34,12.0,120.0
77,77.0,1.0,No,16.734,82.12700000000001,-0.03316889425638081,,,,,,,,
78,78.0,1.0,No,16.503,81.76,-0.02348040764538295,,,,,,,,
79,79.0,1.0,No,16.77,82.156,-0.035026079739622684,,,,,,,,
80,80.0,1.0,No,16.929000000000002,82.118,-0.04532288413753949,,,,,,,,
81,81.0,1.0,No,16.662,81.90899999999999,-0.031461501441899076,,,,,,,,
82,82.0,1.0,No,16.495,81.595,-0.025052926043656276,,,,,,,,
83,83.0,1.0,No,16.971,81.855,-0.05128323131778001,,,,,,,,
84,84.0,1.0,No,16.813,81.634,-0.044315327995297915,,,,,,,,
85,85.0,1.0,No,16.643,81.622,-0.033908004322215746,,,,,,,,
86,86.0,1.0,No,17.033,82.04,-0.05274457302307667,,,,,,,,
87,87.0,1.0,No,16.647000000000002,82.089,-0.02827323323545272,,,,,,,,
88,88.0,1.0,No,16.852,81.774,-0.04494570462213776,,,,,,,,
89,89.0,1.0,No,16.387,81.874,-0.014871278000930799,,,,,,,,
90,90.0,1.0,No,16.951,81.824,-0.05044213590304758,,,,,,,,
91,91.0,1.0,No,16.245,82.14200000000001,-0.002794536999442654,,,,,,,,
92,92.0,1.0,No,16.567,81.805,-0.026884361072323282,,,,,,,,
93,93.0,1.0,No,16.867,81.59899999999999,-0.04811883391107896,,,,,,,,
94,94.0,2.0,No,16.647000000000002,82.225,-0.026572471183522017,,,,,,,,
95,95.0,2.0,No,16.705,81.85,-0.034868845450021,,,,,,,,
96,96.0,2.0,No,16.534000000000002,82.10700000000001,-0.02106941021757791,,,,,,,,
97,97.0,2.0,No,16.503,81.921,-0.02146895337076571,,,,,,,,
98,98.0,2.0,No,16.422,81.675,-0.019516881113848195,,,,,,,,
99,99.0,2.0,No,16.367,81.99,-0.012198554014663854,,,,,,,,
100,100.0,2.0,No,16.785999999999998,81.851,-0.039874062188576476,,,,,,,,
101,101.0,2.0,No,16.753,82.044,-0.03538836199369144,,,,,,,,
102,102.0,2.0,No,16.498,82.12100000000001,-0.018672510517894647,,,,,,,,
103,103.0,2.0,No,16.43,81.52,-0.02195296729057783,,,,,,,,
104,104.0,2.0,No,16.477,81.8,-0.021368252888567252,,,,,,,,
105,105.0,2.0,No,16.345,81.32600000000001,-0.019091148158494997,,,,,,,,
106,106.0,2.0,No,16.602,81.639,-0.031146209623424737,,,,,,,,
107,107.0,2.0,No,16.913,82.11,-0.04443667449150812,,,,,,,,
108,108.0,2.0,No,16.273,82.09899999999999,-0.005049087786069162,,,,,,,,
109,109.0,2.0,No,16.480999999999998,81.876,-0.020667905131686704,,,,,,,,
110,110.0,2.0,No,16.858,82.251,-0.03925561417109158,,,,,,,,
111,111.0,2.0,No,16.71,82.072,-0.03237849562494777,,,,,,,,
112,112.0,2.0,No,16.562,81.935,-0.024945655271556122,,,,,,,,
113,113.0,2.0,No,16.268,81.556,-0.01142984164625549,,,,,,,,
114,114.0,2.0,No,16.611,81.804,-0.029624231267058265,,,,,,,,
115,115.0,2.0,No,16.663,81.93299999999999,-0.03122125029199241,,,,,,,,
116,116.0,2.0,No,16.715,81.547,-0.03933585276928886,,,,,,,,
117,117.0,2.0,No,16.554000000000002,82.154,-0.021719668380365986,,,,,,,,
118,118.0,2.0,No,16.706,81.846,-0.03498137451620753,,,,,,,,
119,119.0,2.0,No,16.53,81.774,-0.024979379148109215,,,,,,,,
120,120.0,2.0,No,16.424,81.44800000000001,-0.022482840856891784,,,,,,,,
121,121.0,2.0,No,16.157,81.74,-0.002267408173601604,,,,,,,,
122,122.0,2.0,No,16.735,82.008,-0.03472993314265804,,,,,,,,
123,123.0,2.0,No,16.74,81.855,-0.03697373709620133,,,,,,,,
124,124.0,2.0,No,16.000999999999998,81.72399999999999,0.007215411784787018,,,,,,,,
125,125.0,2.0,No,16.41,81.748,-0.017862141240666318,,,,,,,,
126,126.0,2.0,No,16.47,81.661,-0.02267213279655822,,,,,,,,
127,127.0,2.0,No,16.493,81.557,-0.025406186389807628,,,,,,,,
128,128.0,2.0,No,16.235,81.472,-0.010418831899490222,,,,,,,,
129,129.0,2.0,No,16.097,81.796,0.002138206881113436,,,,,,,,
130,130.0,2.0,No,16.39,81.78699999999999,-0.016136827989241542,,,,,,,,
131,131.0,2.0,No,16.432000000000002,81.92200000000001,-0.017061925376168796,,,,,,,,
132,132.0,2.0,No,16.526,81.221,-0.03170831972248922,,,,,,,,
133,133.0,2.0,No,16.637999999999998,81.777,-0.03163831194518507,,,,,,,,
134,134.0,2.0,No,16.213,82.042,-0.0020390817385089743,,,,,,,,
135,135.0,2.0,No,16.465999999999998,82.257,-0.015015703490554477,,,,,,,,
136,136.0,2.0,No,16.56,81.59,-0.02915530221272622,,,,,,,,
137,137.0,2.0,No,16.052,81.695,0.0036975678519597377,,,,,,,,
138,138.0,2.0,No,16.675,82.0,-0.031120702963479907,,,,,,,,
139,139.0,2.0,No,16.455,82.001,-0.017504303090941642,,,,,,,,
140,140.0,2.0,No,16.607,81.86,-0.028672102373482167,,,,,,,,
141,141.0,2.0,No,16.737000000000002,82.304,-0.03113182244242907,,,,,,,,
142,142.0,2.0,No,16.528,81.855,-0.023841214260813537,,,,,,,,
143,143.0,2.0,No,16.044,81.626,0.003352331784238105,,,,,,,,
144,144.0,2.0,No,16.781,81.917,-0.03872674745596982,,,,,,,,
145,145.0,2.0,No,16.2,81.654,-0.005993249841892645,,,,,,,,
146,146.0,2.0,No,16.401,82.41,-0.009131890729503045,,,,,,,,
147,147.0,2.0,No,16.283,82.012,-0.006733537090199748,,,,,,,,
148,148.0,2.0,No,16.505,81.95200000000001,-0.021206307182559003,,,,,,,,
149,149.0,2.0,No,16.477,81.833,-0.020956375622118273,,,,,,,,
150,150.0,2.0,No,16.389,81.67,-0.017530453926616785,,,,,,,,
151,151.0,2.0,No,16.502,81.66199999999999,-0.02464656205477711,,,,,,,,
152,152.0,2.0,No,16.495,81.78,-0.022734085357448697,,,,,,,,
153,153.0,2.0,No,16.547,81.655,-0.0275287929230974,,,,,,,,
154,154.0,2.0,No,16.340999999999998,82.00399999999999,-0.010418082055272837,,,,,,,,
155,155.0,2.0,No,15.921,81.944,0.014831087062427861,,,,,,,,
156,156.0,2.0,No,16.514,82.126,-0.019598354885769886,,,,,,,,
157,157.0,2.0,No,16.512,81.54899999999999,-0.026688167067777213,,,,,,,,
158,158.0,2.0,No,16.552,81.758,-0.026544392952151386,,,,,,,,
159,159.0,2.0,No,16.502,81.67699999999999,-0.024458385475925937,,,,,,,,
160,160.0,2.0,No,16.345,82.223,-0.007973519758921244,,,,,,,,
161,161.0,2.0,No,16.461,81.491,-0.024245546491957093,,,,,,,,
162,162.0,2.0,No,16.399,81.832,-0.016135716564177338,,,,,,,,
163,163.0,2.0,No,16.242,81.75399999999999,-0.007367677697731612,,,,,,,,
164,164.0,2.0,No,16.233,81.765,-0.006674028195152726,,,,,,,,
165,165.0,2.0,No,16.474,81.86399999999999,-0.02038394594176851,,,,,,,,
166,166.0,2.0,No,16.097,81.457,-0.002014599481351853,,,,,,,,
167,167.0,2.0,No,16.486,81.888,-0.020827939300122944,,,,,,,,
168,168.0,2.0,No,16.551,81.689,-0.02734940935025154,,,,,,,,
169,169.0,2.0,No,16.05,81.325,-0.0007105568668375195,,,,,,,,
170,170.0,2.0,No,16.15,81.59899999999999,-0.003564307088629981,,,,,,,,
171,171.0,2.0,No,16.601,81.69800000000001,-0.030339479900088895,,,,,,,,
172,172.0,2.0,No,16.776,81.985,-0.03755596851258414,,,,,,,,
173,173.0,2.0,No,16.493,81.082,-0.03141328955123868,,,,,,,,
174,174.0,2.0,No,16.474,81.941,-0.01942509062101916,,,,,,,,
175,175.0,2.0,No,16.374000000000002,82.191,-0.010155047312325749,,,,,,,,
176,176.0,2.0,No,16.262,81.736,-0.008830242413211398,,,,,,,,
177,177.0,2.0,No,16.511,81.839,-0.022988095622391125,,,,,,,,
178,178.0,2.0,No,16.084,81.396,-0.0019556944880780858,,,,,,,,
179,179.0,2.0,Timesweep,16.927,81.988,-0.04685665515036175,0,12.0,6,1644.0,1661.0,1.011,12.0,58.0
180,180.0,2.0,Timesweep,16.1,81.648,0.00014311476508477305,17,12.17,,,,,,
181,181.0,2.0,Timesweep,16.322,81.865,-0.010956860783533529,34,12.34,,,,,,
182,182.0,2.0,Timesweep,16.180999999999997,81.577,-0.005761818034167643,51,12.51,,,,,,
183,183.0,2.0,Timesweep,16.366,82.02600000000001,-0.01169249829435759,68,12.68,,,,,,
184,184.0,2.0,Timesweep,16.5,81.718,-0.02382028920652246,85,12.85,,,,,,
185,185.0,2.0,Timesweep,17.061,81.875,-0.056600195062638026,102,13.02,,,,,,
186,186.0,2.0,Timesweep,16.448,81.861,-0.01881086607511806,119,13.19,,,,,,
187,187.0,2.0,Timesweep,16.279,82.052,-0.00599557024282471,136,13.36,,,,,,
188,188.0,2.0,Timesweep,16.432000000000002,82.199,-0.013634558214412618,153,13.53,,,,,,
189,189.0,2.0,Timesweep,16.279,81.758,-0.009613108558969907,170,13.7,,,,,,
190,190.0,2.0,Timesweep,16.222,81.96799999999999,-0.003500458119198191,187,13.87,7,1667.0,1688.0,1.012,13.8,329.0
191,191.0,2.0,Timesweep,16.105,82.087,0.005181479911474218,204,14.04,,,,,,
192,192.0,2.0,Timesweep,16.359,81.704,-0.015245212169635813,221,14.21,,,,,,
193,193.0,2.0,Timesweep,16.201,81.732,-0.005095230768355163,238,14.38,,,,,,
194,194.0,2.0,Timesweep,16.053,81.72399999999999,0.003989063519853953,255,14.55,,,,,,
195,195.0,2.0,Timesweep,15.769,81.512,0.01906524856188696,272,14.72,,,,,,
196,196.0,2.0,Timesweep,16.074,81.634,0.001586594766167737,289,14.89,,,,,,
197,197.0,2.0,Timesweep,15.992,81.494,0.004973464547372575,306,15.06,,,,,,
198,198.0,2.0,Timesweep,15.638,82.06200000000001,0.03373415628859,323,15.23,,,,,,
199,199.0,2.0,Timesweep,15.844000000000001,82.059,0.020969706529196497,340,15.4,,,,,,
200,200.0,2.0,Timesweep,16.012,81.961,0.009405643518718199,357,15.57,8,1820.0,1976.0,1.086,15.6,409.0
201,201.0,2.0,Timesweep,15.265,81.652,0.05204548743082271,374,15.74,,,,,,
202,202.0,2.0,Timesweep,16.019000000000002,81.76,0.006536226742326234,391,15.91,,,,,,
203,203.0,2.0,Timesweep,15.705,81.96,0.028386573562853123,408,16.08,,,,,,
204,204.0,2.0,Timesweep,15.427,82.306,0.049597652801444014,425,16.25,,,,,,
205,205.0,2.0,Timesweep,15.769,82.084,0.025900864246095723,442,16.42,,,,,,
206,206.0,2.0,Timesweep,15.450999999999999,81.76899999999999,0.041867829199483175,459,16.59,,,,,,
207,207.0,2.0,Timesweep,15.225999999999999,81.684,0.054837798147789996,476,16.76,,,,,,
208,208.0,2.0,Timesweep,14.853,82.226,0.08406947328401437,493,16.93,,,,,,
209,209.0,2.0,Timesweep,15.23,81.53,0.052803733467765235,510,17.1,,,,,,
210,210.0,2.0,Timesweep,15.258,82.227,0.05910603803722159,527,17.27,,,,,,
211,211.0,2.0,Timesweep,14.927999999999999,81.7,0.07351778601657522,544,17.44,9,1820.0,1860.0,1.022,17.4,809.0
212,212.0,2.0,Timesweep,15.344000000000001,82.061,0.05188874657544007,561,17.61,,,,,,
213,213.0,2.0,Timesweep,14.613,82.23899999999999,0.09901184799039764,578,17.78,,,,,,
214,214.0,2.0,Timesweep,15.395999999999999,81.63,0.04365272996599057,595,17.95,,,,,,
215,215.0,2.0,Timesweep,14.637,81.793,0.09261112174904007,612,18.12,,,,,,
216,216.0,2.0,Timesweep,14.667,81.893,0.09186162583053936,629,18.29,,,,,,
217,217.0,2.0,Timesweep,14.797,82.04,0.085454033521842,646,18.46,,,,,,
218,218.0,2.0,Timesweep,14.703,82.16,0.0925910819820559,663,18.63,,,,,,
219,219.0,2.0,Timesweep,14.852,81.921,0.08072126913515043,680,18.8,,,,,,
220,220.0,2.0,Timesweep,14.967,81.99,0.07438285831627811,697,18.97,,,,,,
221,221.0,2.0,Timesweep,14.548,81.378,0.09352924591273493,714,19.14,10,2017.0,2123.0,1.053,19.2,934.0
222,222.0,2.0,Timesweep,14.512,82.064,0.10333110502024256,731,19.31,,,,,,
223,223.0,2.0,Timesweep,14.604000000000001,82.39299999999999,0.10124974905642425,748,19.48,,,,,,
224,224.0,2.0,Timesweep,14.077,82.081,0.13038907274551725,765,19.65,,,,,,
225,225.0,2.0,Timesweep,14.423,81.789,0.10583385657054734,782,19.82,,,,,,
226,226.0,2.0,Timesweep,14.652000000000001,82.10700000000001,0.09515489303810631,799,19.99,,,,,,
227,227.0,2.0,Timesweep,14.808,82.04899999999999,0.08487455722640935,816,20.16,,,,,,
228,228.0,2.0,Timesweep,14.145999999999999,82.2,0.1273916734640318,833,20.33,,,,,,
229,229.0,2.0,Timesweep,13.895999999999999,81.743,0.13802087274833708,850,20.5,,,,,,
230,230.0,2.0,Timesweep,14.311,81.752,0.1123758451757707,867,20.67,,,,,,
231,231.0,2.0,Timesweep,14.484000000000002,82.385,0.10854815806665608,884,20.84,,,,,,
232,232.0,2.0,Timesweep,14.395999999999999,82.493,0.11512432468717926,901,21.01,11,2235.0,2354.0,1.054,21.0,1069.0
233,233.0,2.0,Timesweep,14.033,82.334,0.13577101728415752,918,21.18,,,,,,
234,234.0,2.0,Timesweep,13.722999999999999,82.065,0.15209224753007344,935,21.35,,,,,,
235,235.0,2.0,Timesweep,13.626,81.711,0.1544381590578643,952,21.52,,,,,,
236,236.0,2.0,Timesweep,13.421,82.11,0.17120649155380296,969,21.69,,,,,,
237,237.0,2.0,Timesweep,13.171,81.939,0.18494745681307656,986,21.86,,,,,,
238,238.0,2.0,Timesweep,13.767999999999999,82.47200000000001,0.15350997014668222,1003,22.03,,,,,,
239,239.0,2.0,Timesweep,13.9,81.92,0.1396357163914812,1020,22.2,,,,,,
240,240.0,2.0,Timesweep,13.485999999999999,82.117,0.1672635071237205,1037,22.37,,,,,,
241,241.0,2.0,Timesweep,13.686,82.20299999999999,0.1557979842660171,1054,22.54,,,,,,
242,242.0,2.0,Timesweep,13.374,82.305,0.17606563652560192,1071,22.71,,,,,,
243,243.0,2.0,Timesweep,13.248,81.87100000000001,0.17950159536308252,1088,22.88,12,2497.0,2629.0,1.053,22.8,1471.0
244,244.0,2.0,Timesweep,13.269,81.89699999999999,0.1784618846113496,1105,23.05,,,,,,
245,245.0,2.0,Timesweep,13.297,81.814,0.17589308387409763,1122,23.22,,,,,,
246,246.0,2.0,Timesweep,13.423,82.335,0.17334819778155308,1139,23.39,,,,,,
247,247.0,2.0,Timesweep,13.279000000000002,82.20200000000001,0.18089325294181113,1156,23.56,,,,,,
248,248.0,2.0,Timesweep,13.099,82.35700000000001,0.19351714269334708,1173,23.73,,,,,,
249,249.0,2.0,Timesweep,13.419,82.40799999999999,0.17432659667291217,1190,23.9,,,,,,
250,250.0,2.0,Timesweep,13.286,82.12200000000001,0.17966310036698685,1207,24.07,,,,,,
251,251.0,2.0,Timesweep,13.172,82.178,0.1872561888247145,1224,24.24,,,,,,
252,252.0,2.0,Timesweep,13.145999999999999,82.374,0.19079046942043698,1241,24.41,,,,,,
253,253.0,2.0,Timesweep,12.865,82.53,0.20958447480929554,1258,24.58,13,2661.0,2830.0,1.063,24.6,1659.0
254,254.0,2.0,Timesweep,13.169,81.935,0.18503143737041883,1275,24.75,,,,,,
255,255.0,2.0,Timesweep,12.615,82.182,0.22166230255208053,1292,24.92,,,,,,
256,256.0,2.0,Timesweep,13.152000000000001,82.15100000000001,0.18822352322702474,1309,25.09,,,,,,
257,257.0,2.0,Timesweep,12.946,82.14,0.2008313835147092,1326,25.26,,,,,,
258,258.0,2.0,Timesweep,12.261,81.854,0.2404725017942404,1343,25.43,,,,,,
259,259.0,2.0,Timesweep,12.655999999999999,81.87899999999999,0.21624296372688923,1360,25.6,,,,,,
260,260.0,2.0,Timesweep,12.995999999999999,81.892,0.19531530446726708,1377,25.77,,,,,,
261,261.0,2.0,Timesweep,12.780999999999999,82.124,0.21086327146549122,1394,25.94,,,,,,
262,262.0,2.0,Timesweep,12.612,82.074,0.22082344084658923,1411,26.11,,,,,,
263,263.0,2.0,Timesweep,12.765,82.135,0.21195671227784418,1428,26.28,,,,,,
264,264.0,2.0,Timesweep,12.657,82.212,0.21935589753837237,1445,26.45,14,2860.0,3019.0,1.055,26.4,1720.0
265,265.0,2.0,Timesweep,11.995,82.15299999999999,0.2596546694740106,1462,26.62,,,,,,
266,266.0,2.0,Timesweep,12.557,82.074,0.22422137224156524,1479,26.79,,,,,,
267,267.0,2.0,Timesweep,12.485,82.367,0.2314133884000088,1496,26.96,,,,,,
268,268.0,2.0,Timesweep,12.418,82.046,0.23254705075794468,1513,27.13,,,,,,
269,269.0,2.0,Timesweep,12.027000000000001,82.277,0.25879834640398813,1530,27.3,,,,,,
270,270.0,2.0,Timesweep,11.785,82.26,0.2735622606473438,1547,27.47,,,,,,
271,271.0,2.0,Timesweep,11.895999999999999,82.404,0.2680015210385257,1564,27.64,,,,,,
272,272.0,2.0,Timesweep,12.038,82.255,0.2579220130425953,1581,27.81,,,,,,
273,273.0,2.0,Timesweep,12.239,82.214,0.24515519121305673,1598,27.98,,,,,,
274,274.0,2.0,Timesweep,11.963,82.16799999999999,0.2617645382084979,1615,28.15,15,3053.0,3219.0,1.054,28.2,1984.0
275,275.0,2.0,Timesweep,12.127,82.40700000000001,0.2538145265590469,1632,28.32,,,,,,
276,276.0,2.0,Timesweep,12.043,82.021,0.255495815583475,1649,28.49,,,,,,
277,277.0,2.0,Timesweep,12.011,82.44200000000001,0.26126586938926366,1666,28.66,,,,,,
278,278.0,2.0,Timesweep,12.204,82.307,0.24816430121758293,1683,28.83,,,,,,
279,279.0,2.0,Timesweep,11.759,82.508,0.2773436103608399,1700,29.0,,,,,,
280,280.0,2.0,Timesweep,12.074000000000002,82.102,0.2543157822504205,1717,29.17,,,,,,
281,281.0,2.0,Timesweep,12.331,82.85799999999999,0.24539206427882698,1734,29.34,,,,,,
282,282.0,2.0,Timesweep,11.975999999999999,82.318,0.2623089853265995,1751,29.51,,,,,,
283,283.0,2.0,Timesweep,12.165999999999999,82.34299999999999,0.25083299279779503,1768,29.68,,,,,,
284,284.0,2.0,Timesweep,11.85,82.083,0.26798050697277476,1785,29.85,,,,,,
285,285.0,2.0,Timesweep,12.245,82.456,0.24700161806265752,1800,30.0,16,3217.0,3411.0,1.06,30.0,1892.0
286,286.0,2.0,No,11.379000000000001,82.165,0.29777747775798125,,,,,,,,
287,287.0,2.0,No,12.126,82.42,0.2539937426440265,,,,,,,,
288,288.0,2.0,No,11.874,82.473,0.2699665353289339,,,,,,,,
289,289.0,2.0,No,11.955,82.12799999999999,0.2618989041991795,,,,,,,,
290,290.0,2.0,No,11.753,82.029,0.27349461867227376,,,,,,,,
291,291.0,2.0,No,11.494000000000002,82.09100000000001,0.29004117289977616,,,,,,,,
292,292.0,2.0,No,11.585,82.367,0.2868181101012496,,,,,,,,
293,293.0,2.0,No,11.525,82.25200000000001,0.28951979269643735,,,,,,,,
294,294.0,2.0,No,11.453,82.08,0.29247884558792225,,,,,,,,
295,295.0,2.0,No,11.337,82.34100000000001,0.3018648153398059,,,,,,,,
296,296.0,2.0,No,11.622,81.90100000000001,0.28046954088040055,,,,,,,,
297,297.0,2.0,No,11.96,82.25399999999999,0.2627213304061047,,,,,,,,
298,298.0,2.0,No,11.535,82.652,0.2923447249089485,,,,,,,,
299,299.0,2.0,No,11.852,82.45700000000001,0.2711777386602433,,,,,,,,
300,300.0,2.0,No,11.436,82.179,0.2943801151332418,,,,,,,,
301,301.0,2.0,No,11.435,82.46600000000001,0.2968973159860303,,,,,,,,
302,302.0,2.0,No,11.532,82.61,0.29216908290621346,,,,,,,,
303,303.0,2.0,No,11.259,82.333,0.3066007055287674,,,,,,,,
304,304.0,2.0,No,12.017999999999999,82.33,0.25982979174304144,,,,,,,,
305,305.0,2.0,No,11.354000000000001,82.31700000000001,0.3006141006622802,,,,,,,,
306,306.0,2.0,No,11.629000000000001,82.385,0.284265847152523,,,,,,,,
307,307.0,2.0,No,11.229000000000001,82.45,0.3094296330549289,,,,,,,,
308,308.0,2.0,No,11.544,81.715,0.2836717982751117,,,,,,,,
309,309.0,2.0,No,11.341,82.15700000000001,0.3000543891040055,,,,,,,,
310,310.0,2.0,No,11.802,82.12299999999999,0.2713007528362634,,,,,,,,
311,311.0,2.0,No,11.065999999999999,82.62100000000001,0.3208624629594665,,,,,,,,
312,312.0,2.0,No,11.385,82.56,0.3007686892995247,,,,,,,,
313,313.0,2.0,No,11.491,82.182,0.2910124073425254,,,,,,,,
314,314.0,2.0,No,11.795,82.417,0.27433085134326096,,,,,,,,
315,315.0,2.0,No,11.470999999999998,82.286,0.2931409137837462,,,,,,,,
316,316.0,2.0,No,11.447000000000001,82.59899999999999,0.2972927894680616,,,,,,,,
317,317.0,2.0,No,11.241,82.221,0.3067662312857705,,,,,,,,
318,318.0,2.0,No,11.085,82.257,0.31668595450061954,,,,,,,,
319,319.0,2.0,No,11.407,82.75200000000001,0.30104299908212806,,,,,,,,
320,320.0,2.0,No,11.495,82.309,0.2918599344658085,,,,,,,,
321,321.0,2.0,No,11.453,82.60700000000001,0.2969925508232555,,,,,,,,
322,322.0,2.0,No,11.605,82.225,0.2843531250024166,,,,,,,,
323,323.0,2.0,No,11.425999999999998,82.195,0.2951343666552423,,,,,,,,
324,324.0,2.0,No,11.579,82.65100000000001,0.2896367950312203,,,,,,,,
325,325.0,2.0,No,11.587,82.443,0.2873525480340481,,,,,,,,
326,326.0,2.0,No,11.517999999999999,82.15299999999999,0.28909566344323934,,,,,,,,
327,327.0,2.0,No,11.179,82.06700000000001,0.30929608946158216,,,,,,,,
328,328.0,2.0,No,11.289000000000001,82.212,0.3037298512531157,,,,,,,,
329,329.0,2.0,No,11.079,82.12100000000001,0.31592479427641207,,,,,,,,
330,330.0,0.0,End,11.100999999999999,81.85600000000001,0.31234738201535295,,,,,,,,
331,331.0,0.0,End,11.052999999999999,82.38600000000001,0.31972537899127207,,,,,,,,
332,332.0,0.0,End,11.669,82.572,0.28343044464090483,,,,,,,,
333,333.0,0.0,End,11.322000000000001,82.32600000000001,0.3026614852954641,,,,,,,,
334,334.0,0.0,End,11.354000000000001,82.27600000000001,0.3002655807795338,,,,,,,,
335,335.0,0.0,End,11.409,82.45700000000001,0.2984194077265201,,,,,,,,
336,336.0,0.0,End,11.243,81.805,0.3031169872918372,,,,,,,,
337,337.0,0.0,End,11.405,82.06299999999999,0.29529814188102843,,,,,,,,
338,338.0,0.0,End,11.190999999999999,82.07,0.308579934580384,,,,,,,,
339,339.0,0.0,End,11.255999999999998,82.166,0.30537652586237496,,,,,,,,
340,340.0,0.0,End,11.022,81.765,0.3164811717632616,,,,,,,,
341,341.0,0.0,End,11.831,82.374,0.2717360447066173,,,,,,,,
342,342.0,0.0,End,11.512,81.977,0.2879405139279091,,,,,,,,
343,343.0,0.0,End,11.115,82.271,0.31495325451591194,,,,,,,,
344,344.0,0.0,End,11.157,82.414,0.31355782879569205,,,,,,,,
345,345.0,0.0,End,11.311,81.895,0.2996725783344115,,,,,,,,
346,346.0,0.0,End,11.165999999999999,82.29,0.3119688868057421,,,,,,,,
347,347.0,0.0,End,11.376,82.494,0.3007624578235075,,,,,,,,
348,348.0,0.0,End,11.335,82.22,0.30096073847036653,,,,,,,,
349,349.0,0.0,End,11.138,82.44200000000001,0.31495955817647314,,,,,,,,
350,350.0,0.0,End,11.699000000000002,82.67399999999999,0.2824745544888345,,,,,,,,
351,351.0,0.0,End,11.133,82.06299999999999,0.31210470965028403,,,,,,,,
352,352.0,0.0,End,10.788,82.524,0.33714553820026016,,,,,,,,
353,353.0,0.0,End,11.389000000000001,82.13799999999999,0.2969293222904327,,,,,,,,
354,354.0,0.0,End,11.380999999999998,81.887,0.2952696435679162,,,,,,,,
355,355.0,0.0,End,11.184000000000001,82.32600000000001,0.31116110683134357,,,,,,,,
356,356.0,0.0,End,11.047,82.259,0.31904495003574906,,,,,,,,
357,357.0,0.0,End,11.47,82.309,0.29340003900155054,,,,,,,,
358,358.0,0.0,End,11.54,82.323,0.28920864534003776,,,,,,,,
359,359.0,0.0,End,11.304,82.194,0.3026520166031791,,,,,,,,
360,360.0,0.0,End,10.843,82.18700000000001,0.33103430680189116,,,,,,,,
361,361.0,0.0,End,10.777999999999999,82.094,0.3342912293240825,,,,,,,,
362,362.0,0.0,End,11.228,82.126,0.3067669656862404,,,,,,,,
363,363.0,0.0,End,11.4,81.959,0.2947132628512954,,,,,,,,
364,364.0,0.0,End,11.24,82.16799999999999,0.3063807915626111,,,,,,,,
365,365.0,0.0,End,11.597000000000001,82.536,0.28754119816659485,,,,,,,,
366,366.0,0.0,End,11.484000000000002,82.535,0.2944747768850605,,,,,,,,
367,367.0,0.0,End,11.001,81.95299999999999,0.31934846996666744,,,,,,,,
368,368.0,0.0,End,10.793,81.666,0.32987100508892064,,,,,,,,
369,369.0,0.0,End,11.081,82.00399999999999,0.31482511674594704,,,,,,,,
370,370.0,0.0,End,10.953,82.11,0.32361409000736185,,,,,,,,
371,371.0,0.0,End,11.706,81.985,0.2760115541602104,,,,,,,,
372,372.0,0.0,End,10.929,82.12100000000001,0.3251865761031598,,,,,,,,
373,373.0,0.0,End,10.995,82.444,0.32377114927216144,,,,,,,,
374,374.0,0.0,End,11.322000000000001,81.92299999999999,0.29923110040445744,,,,,,,,
375,375.0,0.0,End,10.677,82.209,0.3414520626163815,,,,,,,,
376,376.0,0.0,End,11.362,82.28399999999999,0.2998406287451091,,,,,,,,
377,377.0,0.0,End,11.581,82.311,0.2865793100434548,,,,,,,,
378,378.0,0.0,End,10.54,82.38,0.3512515401750863,,,,,,,,
379,379.0,0.0,End,11.164000000000001,81.709,0.3072006860001113,,,,,,,,
380,380.0,0.0,End,10.508,82.68700000000001,0.3556225330927604,,,,,,,,
381,381.0,0.0,End,11.045,83.00200000000001,0.3252627611639394,,,,,,,,
382,382.0,0.0,End,11.163,82.324,0.31243782409689025,,,,,,,,
383,383.0,0.0,End,11.074000000000002,82.947,0.3230425804865722,,,,,,,,
384,384.0,0.0,End,11.181,82.816,0.315420462431234,,,,,,,,
385,385.0,0.0,End,10.725,82.72399999999999,0.3426097002599475,,,,,,,,
386,386.0,0.0,End,11.128,82.91,0.3194379650329001,,,,,,,,
387,387.0,0.0,End,11.085999999999999,82.82,0.32126981382260533,,,,,,,,
